<?xml version="1.0" encoding="UTF-8"?>
<!-- Copyright (C) (2020) (Mathieu Bergeron) (mathieu.bergeron@cmontmorency.qc.ca)
//
// This file is part of Ntro
//
// This is free software: you can redistribute it and/or modify
// it under the terms of the GNU Affero General Public License as published by
// the Free Software Foundation, either version 3 of the License, or
// (at your option) any later version.
//
// This is distributed in the hope that it will be useful,
// but WITHOUT ANY WARRANTY; without even the implied warranty of
// MERCHANTABILITY or FITNESS FOR A PARTICULAR PURPOSE.  See the
// GNU Affero General Public License for more details.
//
// You should have received a copy of the GNU Affero General Public License
// along with aquiletour.  If not, see <https://www.gnu.org/licenses/> -->

<?import javafx.scene.layout.VBox?>
<?import javafx.scene.control.Button?>
<?import javafx.scene.control.Label?>
<?import javafx.scene.image.ImageView?>
<?import javafx.scene.image.Image?>

<VBox xmlns:fx="http://javafx.com/fxml"
    fx:controller="pong.frontal.vues.VueFileAttente" 
    styleClass="conteneur"
    id="vue-file-attente">

    <ImageView id="logo">    
        <image>
            <Image url="@logo.png" />
        </image>
    </ImageView>

    <Button 
        fx:id="boutonOuvrirPartie" 
        text="%ouvrirPartie"
        styleClass="gros-bouton"
        id="bouton-ouvrir-partie">
    </Button>


    <Button 
        fx:id="boutonAjouterRendezVous" 
        text="%ajouterRendezVous"
        styleClass="gros-bouton"
        id="boutonAjouterRendezVous">
    </Button>

    <Label 
        fx:id="labelMessage"
        styleClass="texte"
        id="label-message">
    </Label>

</VBox>
